url,label,binary_label,threat_type,source,first_seen,registrable_domain,dataset_version
https://www.google.com/,benign,0,none,tranco-top,2024-01-01,google.com,url-corpus-v1.0.0
https://www.wikipedia.org/,benign,0,none,tranco-top,2024-01-01,wikipedia.org,url-corpus-v1.0.0
https://en.wikipedia.org/wiki/Phishing,benign,0,none,tranco-top,2024-01-01,wikipedia.org,url-corpus-v1.0.0
https://www.youtube.com/watch?v=dQw4w9WgXcQ,benign,0,none,tranco-top,2024-01-01,youtube.com,url-corpus-v1.0.0
https://github.com/torvalds/linux,benign,0,none,tranco-top,2024-01-01,github.com,url-corpus-v1.0.0
https://stackoverflow.com/questions/tagged/python,benign,0,none,tranco-top,2024-01-01,stackoverflow.com,url-corpus-v1.0.0
https://docs.python.org/3/library/urllib.parse.html,benign,0,none,tranco-top,2024-01-01,python.org,url-corpus-v1.0.0
https://www.nytimes.com/section/technology,benign,0,none,tranco-top,2024-01-01,nytimes.com,url-corpus-v1.0.0
https://news.ycombinator.com/item?id=123456,benign,0,none,tranco-top,2024-01-01,ycombinator.com,url-corpus-v1.0.0
https://developer.mozilla.org/en-US/docs/Web/HTTP,benign,0,none,tranco-top,2024-01-01,mozilla.org,url-corpus-v1.0.0
https://www.reddit.com/r/programming/,benign,0,none,tranco-top,2024-01-01,reddit.com,url-corpus-v1.0.0
https://aws.amazon.com/ec2/pricing/,benign,0,none,tranco-top,2024-01-01,amazon.com,url-corpus-v1.0.0
https://cloud.google.com/security/compliance,benign,0,none,tranco-top,2024-01-01,google.com,url-corpus-v1.0.0
https://www.bbc.co.uk/news/technology,benign,0,none,tranco-top,2024-01-01,bbc.co.uk,url-corpus-v1.0.0
https://archive.org/web/,benign,0,none,tranco-top,2024-01-01,archive.org,url-corpus-v1.0.0
https://www.w3.org/Protocols/rfc2616/rfc2616.html,benign,0,none,tranco-top,2024-01-01,w3.org,url-corpus-v1.0.0
https://hub.docker.com/_/python,benign,0,none,tranco-top,2024-01-01,docker.com,url-corpus-v1.0.0
https://pypi.org/project/scikit-learn/,benign,0,none,tranco-top,2024-01-01,pypi.org,url-corpus-v1.0.0
https://crates.io/categories/algorithms,benign,0,none,tranco-top,2024-01-01,crates.io,url-corpus-v1.0.0
https://www.cloudflare.com/learning/dns/what-is-dns/,benign,0,none,tranco-top,2024-01-01,cloudflare.com,url-corpus-v1.0.0
https://accounts.google.com/signin/v2/identifier?flowName=GlifWebSignIn,benign,0,none,curated-hard-negatives,2024-02-15,google.com,url-corpus-v1.0.0
https://login.microsoftonline.com/common/oauth2/v2.0/authorize,benign,0,none,curated-hard-negatives,2024-02-15,microsoftonline.com,url-corpus-v1.0.0
https://github.com/login,benign,0,none,curated-hard-negatives,2024-02-15,github.com,url-corpus-v1.0.0
https://appleid.apple.com/sign-in,benign,0,none,curated-hard-negatives,2024-02-15,apple.com,url-corpus-v1.0.0
https://www.amazon.com/ap/signin?openid.pape.max_auth_age=0,benign,0,none,curated-hard-negatives,2024-02-15,amazon.com,url-corpus-v1.0.0
https://auth.services.adobe.com/en_US/index.html,benign,0,none,curated-hard-negatives,2024-02-15,adobe.com,url-corpus-v1.0.0
https://auth0.com/auth/login,benign,0,none,curated-hard-negatives,2024-02-15,auth0.com,url-corpus-v1.0.0
https://gitlab.com/users/sign_in,benign,0,none,curated-hard-negatives,2024-02-15,gitlab.com,url-corpus-v1.0.0
https://www.linkedin.com/login?fromSignIn=true,benign,0,none,curated-hard-negatives,2024-02-15,linkedin.com,url-corpus-v1.0.0
https://auth.docker.com/login,benign,0,none,curated-hard-negatives,2024-02-15,docker.com,url-corpus-v1.0.0
https://en.wikipedia.org/wiki/Password,benign,0,none,curated-hard-negatives,2024-02-15,wikipedia.org,url-corpus-v1.0.0
https://support.mozilla.org/en-US/kb/update-firefox-latest-release,benign,0,none,curated-hard-negatives,2024-02-15,mozilla.org,url-corpus-v1.0.0
https://myaccount.google.com/security,benign,0,none,curated-hard-negatives,2024-02-15,google.com,url-corpus-v1.0.0
https://identity.atlassian.com/login,benign,0,none,curated-hard-negatives,2024-02-15,atlassian.com,url-corpus-v1.0.0
https://slack.com/signin#/signin,benign,0,none,curated-hard-negatives,2024-02-15,slack.com,url-corpus-v1.0.0
https://id.heroku.com/login,benign,0,none,curated-hard-negatives,2024-02-15,heroku.com,url-corpus-v1.0.0
https://www.paypal.com/signin,benign,0,none,curated-hard-negatives,2024-02-15,paypal.com,url-corpus-v1.0.0
https://login.salesforce.com/?locale=us,benign,0,none,curated-hard-negatives,2024-02-15,salesforce.com,url-corpus-v1.0.0
https://portal.azure.com/#home,benign,0,none,curated-hard-negatives,2024-02-15,azure.com,url-corpus-v1.0.0
https://account.booking.com/sign-in,benign,0,none,curated-hard-negatives,2024-02-15,booking.com,url-corpus-v1.0.0
https://checkout.stripe.com/c/pay/cs_live_sample123,benign,0,none,curated-hard-negatives,2024-03-01,stripe.com,url-corpus-v1.0.0
https://pay.shopify.com/checkout/step1,benign,0,none,curated-hard-negatives,2024-03-01,shopify.com,url-corpus-v1.0.0
https://www.paypal.com/checkoutnow?token=EC-123456,benign,0,none,curated-hard-negatives,2024-03-01,paypal.com,url-corpus-v1.0.0
https://pay.google.com/about/,benign,0,none,curated-hard-negatives,2024-03-01,google.com,url-corpus-v1.0.0
https://www.target.com/co-cart,benign,0,none,curated-hard-negatives,2024-03-01,target.com,url-corpus-v1.0.0
https://billing.stripe.com/p/login/test,benign,0,none,curated-hard-negatives,2024-03-01,stripe.com,url-corpus-v1.0.0
https://www.patreon.com/checkout/tier?rid=123,benign,0,none,curated-hard-negatives,2024-03-01,patreon.com,url-corpus-v1.0.0
https://gumroad.com/l/sample-item,benign,0,none,curated-hard-negatives,2024-03-01,gumroad.com,url-corpus-v1.0.0
https://www.etsy.com/cart,benign,0,none,curated-hard-negatives,2024-03-01,etsy.com,url-corpus-v1.0.0
https://secure.squarespace.com/checkout,benign,0,none,curated-hard-negatives,2024-03-01,squarespace.com,url-corpus-v1.0.0
https://bit.ly/3xSampleLink,benign,0,none,curated-hard-negatives,2024-03-10,bit.ly,url-corpus-v1.0.0
https://tinyurl.com/2p9xyz12,benign,0,none,curated-hard-negatives,2024-03-10,tinyurl.com,url-corpus-v1.0.0
https://t.co/XyZaB123,benign,0,none,curated-hard-negatives,2024-03-10,t.co,url-corpus-v1.0.0
https://is.gd/sampleDoc,benign,0,none,curated-hard-negatives,2024-03-10,is.gd,url-corpus-v1.0.0
https://buff.ly/2QxSample,benign,0,none,curated-hard-negatives,2024-03-10,buff.ly,url-corpus-v1.0.0
https://xn--bcher-kva.de/katalog/buecher,benign,0,none,curated-hard-negatives,2024-03-10,xn--bcher-kva.de,url-corpus-v1.0.0
https://xn--fsqu00a.xn--0zwm56d/search,benign,0,none,curated-hard-negatives,2024-03-10,xn--fsqu00a.xn--0zwm56d,url-corpus-v1.0.0
https://www.café-paris.fr/menu,benign,0,none,curated-hard-negatives,2024-03-10,café-paris.fr,url-corpus-v1.0.0
https://sub.portal.corp.example.co.uk/dashboard,benign,0,none,curated-hard-negatives,2024-03-10,example.co.uk,url-corpus-v1.0.0
https://cdn.jsdelivr.net/npm/bootstrap@5.1.3/dist/css/bootstrap.min.css,benign,0,none,curated-hard-negatives,2024-03-10,jsdelivr.net,url-corpus-v1.0.0
https://www.google.com/search?q=url+safety+checker&hl=en&gl=us&num=20,benign,0,none,curated-hard-negatives,2024-03-20,google.com,url-corpus-v1.0.0
https://stackoverflow.com/search?q=user%3A1234+login+problem,benign,0,none,curated-hard-negatives,2024-03-20,stackoverflow.com,url-corpus-v1.0.0
https://search.yahoo.com/search?p=verify+ssl+certificate&fr=yfp-t,benign,0,none,curated-hard-negatives,2024-03-20,yahoo.com,url-corpus-v1.0.0
https://duckduckgo.com/?q=safe+browsing+api+v4&t=h_&ia=web,benign,0,none,curated-hard-negatives,2024-03-20,duckduckgo.com,url-corpus-v1.0.0
https://github.com/search?q=repo%3Apython%2Fcpython+path%3ALib,benign,0,none,curated-hard-negatives,2024-03-20,github.com,url-corpus-v1.0.0
http://secure-login-verify.tk/login,phishing,1,credential_theft,phishtank-verified,2024-04-01,secure-login-verify.tk,url-corpus-v1.0.0
http://bank-verify-login.ml/signin,phishing,1,credential_theft,phishtank-verified,2024-04-01,bank-verify-login.ml,url-corpus-v1.0.0
http://account-secure-update.ga/login.php,phishing,1,credential_theft,phishtank-verified,2024-04-01,account-secure-update.ga,url-corpus-v1.0.0
http://paypal.verify-account-security.cf/webapps/mpp/home,phishing,1,credential_theft,phishtank-verified,2024-04-01,verify-account-security.cf,url-corpus-v1.0.0
http://appleid.apple.com.verify-security-info.pw/auth/login,phishing,1,credential_theft,phishtank-verified,2024-04-01,verify-security-info.pw,url-corpus-v1.0.0
http://netflix.account-billing-update.top/login,phishing,1,credential_theft,phishtank-verified,2024-04-01,account-billing-update.top,url-corpus-v1.0.0
http://amazon.security-alert-confirmation.xyz/ap/signin,phishing,1,credential_theft,phishtank-verified,2024-04-01,security-alert-confirmation.xyz,url-corpus-v1.0.0
http://microsoft.online-office-verification.icu/auth,phishing,1,credential_theft,phishtank-verified,2024-04-01,online-office-verification.icu,url-corpus-v1.0.0
http://chase-online-verify-account.club/secure/auth.php,phishing,1,credential_theft,phishtank-verified,2024-04-01,chase-online-verify-account.club,url-corpus-v1.0.0
http://wellsfargo-security-portal.online/signon,phishing,1,credential_theft,phishtank-verified,2024-04-01,wellsfargo-security-portal.online,url-corpus-v1.0.0
http://dhl-package-tracking-fee.shop/payment.php,phishing,1,credential_theft,phishtank-verified,2024-04-01,dhl-package-tracking-fee.shop,url-corpus-v1.0.0
http://usps-redelivery-card-verification.vip/tracking/reschedule,phishing,1,credential_theft,phishtank-verified,2024-04-01,usps-redelivery-card-verification.vip,url-corpus-v1.0.0
http://metamask-wallet-seed-phrase.click/import,phishing,1,credential_theft,phishtank-verified,2024-04-01,metamask-wallet-seed-phrase.click,url-corpus-v1.0.0
http://binance-login-verification-security.cc/en/login,phishing,1,credential_theft,phishtank-verified,2024-04-01,binance-login-verification-security.cc,url-corpus-v1.0.0
http://coinbase-account-suspended-recover.work/signin,phishing,1,credential_theft,phishtank-verified,2024-04-01,coinbase-account-suspended-recover.work,url-corpus-v1.0.0
http://facebook-security-verification-appeals.cyou/confirm,phishing,1,credential_theft,phishtank-verified,2024-04-01,facebook-security-verification-appeals.cyou,url-corpus-v1.0.0
http://instagram-copyright-infringement-case.bid/verify,phishing,1,credential_theft,phishtank-verified,2024-04-01,instagram-copyright-infringement-case.bid,url-corpus-v1.0.0
http://whatsapp-web-session-connect.date/qr,phishing,1,credential_theft,phishtank-verified,2024-04-01,whatsapp-web-session-connect.date,url-corpus-v1.0.0
http://irs-tax-refund-immediate-claim.download/deposit,phishing,1,credential_theft,phishtank-verified,2024-04-01,irs-tax-refund-immediate-claim.download,url-corpus-v1.0.0
http://gov-stimulus-check-status-claim.men/apply,phishing,1,credential_theft,phishtank-verified,2024-04-01,gov-stimulus-check-status-claim.men,url-corpus-v1.0.0
http://192.168.1.1/secure/login.html,phishing,1,credential_theft,phishtank-verified,2024-04-10,192.168.1.1,url-corpus-v1.0.0
http://45.33.32.156:8080/bank/login,phishing,1,credential_theft,phishtank-verified,2024-04-10,45.33.32.156,url-corpus-v1.0.0
http://185.220.101.5/paypal/signin.php,phishing,1,credential_theft,phishtank-verified,2024-04-10,185.220.101.5,url-corpus-v1.0.0
http://103.251.167.20/dhl/checkout,phishing,1,credential_theft,phishtank-verified,2024-04-10,103.251.167.20,url-corpus-v1.0.0
http://91.241.19.84:8888/auth/index.html,phishing,1,credential_theft,phishtank-verified,2024-04-10,91.241.19.84,url-corpus-v1.0.0
http://admin:secret@malicious-lure.ru/login,phishing,1,credential_theft,phishtank-verified,2024-04-10,admin,url-corpus-v1.0.0
http://google.com@phish-destination.cn/webhp,phishing,1,credential_theft,phishtank-verified,2024-04-10,phish-destination.cn,url-corpus-v1.0.0
http://paypal.com@192.168.0.50/account/update,phishing,1,credential_theft,phishtank-verified,2024-04-10,paypal.com@192.168.0.50,url-corpus-v1.0.0
http://xn--pypal-4ve.com/signin/webapps,phishing,1,credential_theft,phishtank-verified,2024-04-10,xn--pypal-4ve.com,url-corpus-v1.0.0
http://xn--app-1ma.com/id/verify,phishing,1,credential_theft,phishtank-verified,2024-04-10,xn--app-1ma.com,url-corpus-v1.0.0
http://auth.account.security.verify.login.service-update.xyz/user/login,phishing,1,credential_theft,phishtank-verified,2024-04-10,service-update.xyz,url-corpus-v1.0.0
http://login.chase.com.acc-verify-online.com/banking/signin,phishing,1,credential_theft,phishtank-verified,2024-04-10,acc-verify-online.com,url-corpus-v1.0.0
http://ssl-secure-payment-verification.co/checkout/invoice%252frefund,phishing,1,credential_theft,phishtank-verified,2024-04-10,ssl-secure-payment-verification.co,url-corpus-v1.0.0
http://urgent-account-suspension.link/recover?token=123&otp=req,phishing,1,credential_theft,phishtank-verified,2024-04-10,urgent-account-suspension.link,url-corpus-v1.0.0
http://prize-winner-claim-now.site/claim?winner=you&prize=1000,phishing,1,credential_theft,phishtank-verified,2024-04-10,prize-winner-claim-now.site,url-corpus-v1.0.0
http://malware-dist-drop.xyz/invoice_98271.exe,malware,1,malware_distribution,urlhaus-verified,2024-04-15,malware-dist-drop.xyz,url-corpus-v1.0.0
http://payload-storage-online.ru/update_chrome.bin,malware,1,malware_distribution,urlhaus-verified,2024-04-15,payload-storage-online.ru,url-corpus-v1.0.0
http://cdn-patch-server.su/doc_scan_urgent.scr,malware,1,malware_distribution,urlhaus-verified,2024-04-15,cdn-patch-server.su,url-corpus-v1.0.0
http://fast-download-server.top/ransomware_decryptor.zip,malware,1,malware_distribution,urlhaus-verified,2024-04-15,fast-download-server.top,url-corpus-v1.0.0
http://194.26.29.112:8000/bins/arm7,malware,1,malware_distribution,urlhaus-verified,2024-04-15,194.26.29.112,url-corpus-v1.0.0
http://178.62.204.101/mozi.m,malware,1,malware_distribution,urlhaus-verified,2024-04-15,178.62.204.101,url-corpus-v1.0.0
http://evil-c2-controller.cc/gate.php?bot=1&os=win11,malware,1,c2_controller,urlhaus-verified,2024-04-15,evil-c2-controller.cc,url-corpus-v1.0.0
http://stealer-logs-upload.space/upload.php?id=stealer,malware,1,info_stealer,urlhaus-verified,2024-04-15,stealer-logs-upload.space,url-corpus-v1.0.0
http://macro-delivery-document.biz/order_spec_payment.xlsm,malware,1,malware_distribution,urlhaus-verified,2024-04-15,macro-delivery-document.biz,url-corpus-v1.0.0
http://invoice-receipt-pdf.cloud/e-invoice_38472.iso,malware,1,malware_distribution,urlhaus-verified,2024-04-15,invoice-receipt-pdf.cloud,url-corpus-v1.0.0
http://botnet-installer.info/loader.sh,malware,1,malware_distribution,urlhaus-verified,2024-04-15,botnet-installer.info,url-corpus-v1.0.0
http://apk-banking-trojan.buzz/app_update.apk,malware,1,mobile_trojan,urlhaus-verified,2024-04-15,apk-banking-trojan.buzz,url-corpus-v1.0.0
http://cryptominer-setup.site/silent_xmrig.exe,malware,1,cryptominer,urlhaus-verified,2024-04-15,cryptominer-setup.site,url-corpus-v1.0.0
http://198.51.100.22/d/setup.msi,malware,1,malware_distribution,urlhaus-verified,2024-04-15,198.51.100.22,url-corpus-v1.0.0
http://phish-redirector.top/out.php?url=http://malware-drop.ru/evil.exe,malware,1,malware_distribution,urlhaus-verified,2024-04-15,malware-drop.ru,url-corpus-v1.0.0
https://www.microsoft.com/en-us/software-download/windows11,benign,0,none,tranco-top,2024-04-20,microsoft.com,url-corpus-v1.0.0
https://azure.microsoft.com/en-us/pricing/,benign,0,none,tranco-top,2024-04-20,microsoft.com,url-corpus-v1.0.0
https://netflix.com/browse,benign,0,none,tranco-top,2024-04-20,netflix.com,url-corpus-v1.0.0
https://spotify.com/us/premium/,benign,0,none,tranco-top,2024-04-20,spotify.com,url-corpus-v1.0.0
https://twitter.com/search?q=%23security,benign,0,none,tranco-top,2024-04-20,twitter.com,url-corpus-v1.0.0
https://www.apple.com/shop/buy-iphone,benign,0,none,tranco-top,2024-04-20,apple.com,url-corpus-v1.0.0
https://www.ibm.com/topics/cybersecurity,benign,0,none,tranco-top,2024-04-20,ibm.com,url-corpus-v1.0.0
https://www.cisco.com/c/en/us/products/security/index.html,benign,0,none,tranco-top,2024-04-20,cisco.com,url-corpus-v1.0.0
https://developer.apple.com/documentation/,benign,0,none,tranco-top,2024-04-20,apple.com,url-corpus-v1.0.0
https://www.oracle.com/database/technologies/,benign,0,none,tranco-top,2024-04-20,oracle.com,url-corpus-v1.0.0
https://www.adobe.com/products/photoshop.html,benign,0,none,tranco-top,2024-04-20,adobe.com,url-corpus-v1.0.0
https://www.salesforce.com/products/what-is-salesforce/,benign,0,none,tranco-top,2024-04-20,salesforce.com,url-corpus-v1.0.0
https://zoom.us/pricing,benign,0,none,tranco-top,2024-04-20,zoom.us,url-corpus-v1.0.0
https://www.dropbox.com/plans,benign,0,none,tranco-top,2024-04-20,dropbox.com,url-corpus-v1.0.0
https://www.quora.com/topic/Computer-Security,benign,0,none,tranco-top,2024-04-20,quora.com,url-corpus-v1.0.0
https://medium.com/topic/technology,benign,0,none,tranco-top,2024-04-20,medium.com,url-corpus-v1.0.0
https://vimeo.com/categories,benign,0,none,tranco-top,2024-04-20,vimeo.com,url-corpus-v1.0.0
https://wordpress.org/download/,benign,0,none,tranco-top,2024-04-20,wordpress.org,url-corpus-v1.0.0
https://www.ebay.com/b/Electronics/bn_70002599,benign,0,none,tranco-top,2024-04-20,ebay.com,url-corpus-v1.0.0
https://www.walmart.com/browse/electronics/3944,benign,0,none,tranco-top,2024-04-20,walmart.com,url-corpus-v1.0.0
http://login-account-update-support.online/auth,phishing,1,credential_theft,phishtank-verified,2024-04-22,login-account-update-support.online,url-corpus-v1.0.0
http://security-check-verification.site/login,phishing,1,credential_theft,phishtank-verified,2024-04-22,security-check-verification.site,url-corpus-v1.0.0
http://webmail-quota-exceeded-update.info/roundcube,phishing,1,credential_theft,phishtank-verified,2024-04-22,webmail-quota-exceeded-update.info,url-corpus-v1.0.0
http://cpanel-password-reset-confirm.pw/cpanel,phishing,1,credential_theft,phishtank-verified,2024-04-22,cpanel-password-reset-confirm.pw,url-corpus-v1.0.0
http://office365-shared-document-review.top/viewer,phishing,1,credential_theft,phishtank-verified,2024-04-22,office365-shared-document-review.top,url-corpus-v1.0.0
http://docusign-sign-document-invoice.click/view,phishing,1,credential_theft,phishtank-verified,2024-04-22,docusign-sign-document-invoice.click,url-corpus-v1.0.0
http://adobe-pdf-cloud-reader-login.biz/shared,phishing,1,credential_theft,phishtank-verified,2024-04-22,adobe-pdf-cloud-reader-login.biz,url-corpus-v1.0.0
http://dropbox-shared-file-download.link/file,phishing,1,credential_theft,phishtank-verified,2024-04-22,dropbox-shared-file-download.link,url-corpus-v1.0.0
http://bankofamerica-customer-id-verify.online/login,phishing,1,credential_theft,phishtank-verified,2024-04-22,bankofamerica-customer-id-verify.online,url-corpus-v1.0.0
http://citibank-alert-verification.club/online,phishing,1,credential_theft,phishtank-verified,2024-04-22,citibank-alert-verification.club,url-corpus-v1.0.0
http://hsbc-security-token-update.co/login.html,phishing,1,credential_theft,phishtank-verified,2024-04-22,hsbc-security-token-update.co,url-corpus-v1.0.0
http://barclays-passcode-confirmation.xyz/auth,phishing,1,credential_theft,phishtank-verified,2024-04-22,barclays-passcode-confirmation.xyz,url-corpus-v1.0.0
http://santander-account-protection.icu/portal,phishing,1,credential_theft,phishtank-verified,2024-04-22,santander-account-protection.icu,url-corpus-v1.0.0
http://steam-community-free-skins-trade.shop/trade,phishing,1,credential_theft,phishtank-verified,2024-04-22,steam-community-free-skins-trade.shop,url-corpus-v1.0.0
http://roblox-free-robux-generator.cc/giveaway,phishing,1,credential_theft,phishtank-verified,2024-04-22,roblox-free-robux-generator.cc,url-corpus-v1.0.0
